,sum_sq,df,F,PR(>F)
C(model),5.606976060000013,2.0,70.76499276493836,1.0033583210464295e-25
C(blockade_condition),1.8709771866666773,3.0,15.74225698618158,1.6588126649493951e-09
C(model):C(blockade_condition),0.18583423333333354,6.0,0.781797415492632,0.5847760776488611
Residual,11.40966064,288.0,,
