Claude_Op7_Vector,Gemini_Op7_Vector,Claude_B0_Vector,Gemini_B0_Vector,Distance_Op7,Distance_B0,Ratio_Op7_B0,Permutation_p_value,Convergence_Significant
[0.34212 0.33492 0.268  ],[0.28912 0.25008 0.23   ],[0.40324 0.33268 0.29   ],[0.39456 0.30252 0.214  ],0.10700853050107738,0.08222510565514644,1.3014094618482226,0.2933,False
